Workbook

Sheet 수정리스트
A1: PDA 테스트 후 수정 리스트
A2: 작성일 2026-10-02 · 상태는 드롭다운(대기/진행중/완료/보류)으로 변경 · 수정 방법은 '수정내용' 열과 '수정이력' 시트에 기록
A4: ID | B4: 구분 | C4: 항목 | D4: 대상 | E4: 상태 | F4: 선행조건 / 결정 필요 사항 | G4: 현황 (2026-10-02 1차 확인) | H4: 수정내용 (어떻게 수정했는지) | I4: 수정 파일 | J4: 관련 문서 | K4: 완료일
A5: A1 | B5: 오류 | C5: 합산 라벨 출력 시 소수점 2자리 숫자가 붙어 보임 | D5: PDA | E5: 완료 | G5: 원인: Korail 40 크기 5글자 폭 100도트 = 열 간격 100 → 숫자 붙음. 1차 수정(35) 후 6열(x=500)에서 5글자가 591도트로 라벨 폭 576 초과 → 끝자리 잘림 추가 확인 | H5: 개별 중량 글자 크기 40 → 32, 열 간격 100 → 95 (p_weight = 95 * (i % 6)). 5글자 82도트, 칸 여백 13, 6열 끝 557 (라벨 576 이내). 6열×6행·36건 단위·총 중량 줄은 원본 유지. 실기기 출력 전송 완료, 출력물 육안 확인 대기 | I5: BixolonShipmentActivity.java (detail_btn_sum) | J5: 오류/38, 개발/71 | K5: 46301
A6: A2 | B6: 오류 | C6: 롯데 라벨 회사코드 미노출 | D6: JSP / 데이터 | E6: 대기 | F6: ERP 데이터 입력 (롯데 업체코드값 업무 담당 확인) | G6: [2026-10-06 운영DB 확인] 롯데 출고 7건 모두 M1(점포 거래처) 매핑 없음, M2(상위 A00565) 매핑 1건(SEQ 42, 품목 1110100681, 타입구분 W, 바코드타입 L0)의 물류코드 빈 값 → EMARTLOGIS_CODE 빈 값 → 라벨 회사코드·바코드 앞자리 누락. 원본은 B_COMMON_CODE LOTTE_STORE_CODE(센터코드 기준) REF_CODE2, 없으면 '회사코드없음' | H6: 코드 수정 없음. 조치안: ERP CO_매출처품목코드매핑 A00565/1110100681(SEQ 42) 물류코드에 롯데 업체코드 입력. (선택) JSP 빈 값 시 원본처럼 '회사코드없음' 기본값 | I6: - | J6: 오류/39
A7: A3 | B7: 오류 | C7: 롯데 라벨 일자 8자리 노출 → 6자리로 | D7: PDA / 데이터 | E7: 완료 | F7: ERP 데이터 수정 (CO_품목코드 제조일자시작 6 → 8) | G7: [2026-10-06 운영DB 확인] CO_품목코드 1110100681 제조일자시작 6, 끝 13. 계근 바코드(예: 00603 20260928 1110100681)의 6~13 = YYYYMMDD 8자리 절사 → SM_출고계근.제조일자 스캔 10건 20260928 저장. 라벨은 6자리(YYMMDD) 가정 → 제조일자 '2020년 26월 09일' 오출력, 롯데 바코드 2자리 증가. 수기 입력 건은 6자리 정상. 앱 절사 로직은 원본 동일. 품목은 마트사 간 비공유 → 롯데만 영향 | H7: 코드 수정 없음. DB(weberp_hl) CO_품목코드 1110100681 제조일자시작 6 → 8 UPDATE(사용자 실행). EDA51 롯데 09-29 재계근: 절사 제조일 260929(6자리), 라벨 2026년 09월 29일, 바코드 26092906338809790013 정상 — 출력물 육안 확인 완료 | I7: -(DB 데이터) | J7: 오류/40 | K7: 46301
A8: B1 | B8: 조사 | C8: 비정량 전송 후 F/Y 상태 불일치 | D8: PDA+JSP+ERP | E8: 완료 | F8: 원본 동일 결함 — 수정 여부 결정 (안1 일괄전송 조기 return 제거 / 안2 SEND_Y 집계 수정) | G8: [2026-10-07 원인 확정] SM_출고계근 출고상세 508(이마트 비정량) 순번 2·3이 18초 뒤 재INSERT(SEQ 258·259). 원인: count(SAVE_TYPE='Y') 전체행 집계로 SAVE_CNT 부풀림 + 일괄전송 후 Y 처리 루프 조기 return → F 잔류(B1) → 재전송 중복(B2). B1·B2 동일 원인, 원본 동일 | H8: 안1 적용: 일괄전송 Y 처리 루프의 조기 return 제거, 루프 종료 후 jChk>0 && jChk==arSM.size() 이면 'ss' 판정. count(SAVE_TYPE='Y') 집계(안2)는 원본 동일로 유지. [2026-10-12 EDA51] 서버 계근 삭제 후 이마트 비정량 508: 미전송 2건+신규 1건 일괄전송 → 서버 3건(계근순번 3·6·7 중복 없음), 로컬 3건 전부 Y. 홈플러스 비정량 499: 미전송 3건 일괄전송 → 서버 3건, 로컬 전부 Y, 재전송 시 'af'(이미 전송) 중복 0건. 도매 일괄 5건도 동일 경로 정상 | I8: BixolonShipmentActivity.java (ProgressDlgShipmentSend 일괄전송) | J8: 오류/41, 개발/74 | K8: 46307
A9: B2 | B9: 조사 | C9: 비정량 계근 순번 중복 | D9: PDA+JSP+ERP | E9: 완료 | F9: 원본 동일 결함 — 수정 여부 결정 (안1 일괄전송 조기 return 제거 / 안2 SEND_Y 집계 수정) | G9: [2026-10-07 원인 확정] SM_출고계근 출고상세 508(이마트 비정량) 순번 2·3이 18초 뒤 재INSERT(SEQ 258·259). 원인: count(SAVE_TYPE='Y') 전체행 집계로 SAVE_CNT 부풀림 + 일괄전송 후 Y 처리 루프 조기 return → F 잔류(B1) → 재전송 중복(B2). B1·B2 동일 원인, 원본 동일 | H9: 안1 적용: 일괄전송 Y 처리 루프의 조기 return 제거, 루프 종료 후 jChk>0 && jChk==arSM.size() 이면 'ss' 판정. count(SAVE_TYPE='Y') 집계(안2)는 원본 동일로 유지. [2026-10-12 EDA51] 서버 계근 삭제 후 이마트 비정량 508: 미전송 2건+신규 1건 일괄전송 → 서버 3건(계근순번 3·6·7 중복 없음), 로컬 3건 전부 Y. 홈플러스 비정량 499: 미전송 3건 일괄전송 → 서버 3건, 로컬 전부 Y, 재전송 시 'af'(이미 전송) 중복 0건. 도매 일괄 5건도 동일 경로 정상 | I9: BixolonShipmentActivity.java (ProgressDlgShipmentSend 일괄전송) | J9: 오류/41, 개발/74 | K9: 46307
A10: C1 | B10: 신규기능 | C10: PDA 상단에 현재 선택한 작업 날짜 고정 표시 | D10: PDA | E10: 완료 | F10: 사용자 결정: 메인 화면만, yyyy-MM-dd 형식 (원본에 없는 기능, 승인 예외) | G10: 원본에 없는 기능 | H10: MainActivity 액션바 subtitle에 '작업일자 : yyyy-MM-dd' 표시. showWorkDate() 추가, onResume·날짜 선택·TEST_MODE·출하대상받기 4곳 호출. Common.selectDay·조회 로직 변경 없음. EDA51 실기기 시나리오 1~4 PASS, 통합 테스트 5항목 PASS(변경 전후 이마트 09-28 조회 5/2/6건 동일) | I10: MainActivity.java | J10: 개발/72 | K10: 46301
A11: C2 | B11: 신규기능 | C11: 파렛트별 계근 내역과 총중량을 구분한 합산 라벨 출력 | D11: PDA | E11: 진행중 | F11: 36건(6열×6행) 고정 단위라 파렛트별 총 중량 구분 불가. 파렛트 구분 방법: 파렛트당 박스 수 지정(사용자 결정) | G11: 합산 버튼 → 파렛트당 박스 수 입력 창(기본 36, 0·공백 안내). 박스 수 단위로 'N번 총 중량' 출력, 파렛트가 36건 초과 시 36건마다 총 중량 없는 라벨 이어서 출력. 36 입력 시 수정 전과 바이트 동일(5189). 실기기 출력 전송 완료, 출력물 육안 확인 대기 | H11: BixolonShipmentActivity.java (detail_btn_sum, printSumLabel) | I11: 개발/79 | J11: 개발/79, 오류/44, 개발/86
A12: C3 | B12: 정리 | C12: 바코드 타입 M0·M8·M9·H2·H5·L0만 사용, 이외 미사용 | D12: PDA | E12: 완료 | F12: 사용자 결정 2026-10-06: M0·M8·M9·H2·H5·L0 외 타입 분기 제거 | G12: [2026-10-06] ERP 매핑 등록 타입: M0·M9·H2·H5·L0(W/B), E2·C1(J, PDA 미유입). 앱 잔존 분기 M1·M3·M4·E0~E3·P0 (LabelPrintHelper 단일 파일). H2·H5는 홈플러스 라벨이 타입 분기 없음 | H12: LabelPrintHelper 미사용 타입 case·if 분기·상수·Javadoc 제거(참조 0건, 구버전 ShipmentActivity 제외). 코드검증·원본비교 PASS. EDA51 변경 전후 재출력 바이트 일치(M0 13908, M9 11762). 통합테스트: M0·M9·L0·H2·H5 실출력 전송 확인. M8·미트센터9231·킬코이 데이터 없음 미수행. 출력물 육안 정상 확인 | I12: LabelPrintHelper.java | J12: 개발/73 | K12: 46301
A13: D1 | B13: ERP | C13: PDA출고계근현황 — 체크 선택 기능 | D13: ERP | E13: 대기 | F13: ERP 수정 담당 결정 | G13: 미조사
A14: D2 | B14: ERP | C14: PDA출고계근현황 — 거래처명과 함께 점포명 표기 | D14: ERP | E14: 대기 | F14: ERP 수정 담당 결정 | G14: 미조사
A15: D3 | B15: ERP | C15: PDA출고계근현황 — 라벨타입 정보 표기 | D15: ERP | E15: 대기 | F15: ERP 수정 담당 결정 | G15: 미조사
A16: D4 | B16: ERP | C16: PDA출고계근현황 — 재출력 버튼, 특정 라벨 재출력 (최초 출력 바코드 유형 유지) | D16: ERP (+PDA) | E16: 대기 | F16: ERP 수정 담당 결정 | G16: 미조사
A17: E1 | B17: 보류 | C17: 하이랜드 PDA 최신 소스 확인 및 비교 | D17: PDA | E17: 진행중 | F17: 최신 소스 수령 후 진행 | G17: [2026-10-22] 최신 소스 수령: D:\PDA\PDA-INNO_20261021\PDA-INNO\PDA-INNO (2026-10-21 스냅샷, git). 구 원본 대비 다른 파일 4개(ShipmentActivity·LoginActivity·Common·ProgressDlgShipSearch)+strings.xml. 현재 소스 대비 누락·불일치 5건: ① 롯데 라벨 출력 이력 적재(앱·JSP·테이블 없음) ② 합산 파렛트 출력 문구·입력 창 ③ 이마트 비정량 스캔 매칭(앞 6자리) ④ M9 대구센터만 점포명·점포코드 출력 ⑤ TRD 소비기한 체크 조건(contains TRD). 영향 없음: EMART_PLANT_CODE 길이 체크·M1 else if·로그·로고 | H17: ② 합산 파렛트 출력부터 처리 — 오류/44 문서화, 개발/86 작성 (코드 수정 대기) | J17: 오류/44, 개발/86
A18: E2 | B18: 보류 | C18: 현행 라벨 규격 기준 유형·코드 매핑 재확인 | D18: PDA | E18: 보류 | F18: 최신 소스 수령 후 진행 | G18: 최신 소스 미수령

Sheet 수정이력
A1: 수정 이력 (수정할 때마다 1행 추가)
A3: No | B3: 일자 | C3: ID | D3: 수정 내용 (어떻게 수정했는지) | E3: 수정 파일 | F3: 커밋 | G3: 관련 문서 | H3: 비고
A4: 1 | B4: 46298 | C4: A1 | D4: 합산 라벨 개별 중량 bitmapText 크기 40 → 35. 원인: Korail 40 크기 5글자 폭이 열 간격 100도트와 같아 숫자 붙음 | E4: BixolonShipmentActivity.java | G4: 오류/38, 개발/71 | H4: 출력 확인 대기
A5: 2 | B5: 46298 | C5: A1 | D5: EDA51 실기기 테스트: 로컬DB에 소수 2자리 계근 7건(12.34·15.67·9.99·21.05·13.48·17.72·11.11) 임시 추가 → 계근 내역 합산 출력 → 프린터 전송 완료. 테스트 후 로컬DB 원복 | E5: - | G5: 개발/71 | H5: 출력물 육안 확인 대기
A6: 3 | B6: 46298 | C6: A1 | D6: 1차 출력 확인 결과 6열(x=500) 12.34 끝자리 잘림. 원인: 35 크기 5글자 91도트 → 591도트로 라벨 폭 576 초과 | E6: - | G6: 오류/38 | H6: 사용자 육안 확인
A7: 4 | B7: 46298 | C7: A1 | D7: 2차 수정(2안): 글자 크기 35 → 32, 열 간격 100 → 95. 실기기 동일 데이터로 합산 출력 재전송(8,826 bytes), 로컬DB 원복 | E7: BixolonShipmentActivity.java | G7: 개발/71 | H7: 출력물 육안 확인 대기
A8: 5 | B8: 46301 | C8: A1 | D8: 2차 수정(32/95) 확정, 완료 처리. 100kg 이상 소수 2자리(123.45, 6글자 100도트)는 열 간격 95 초과 — 발생 시 별도 오류 등록 | E8: BixolonShipmentActivity.java | G8: 오류/38, 개발/71 | H8: 커밋
A9: 6 | B9: 46301 | C9: A2 | D9: 운영DB 조회로 원인 확정: A00565 매핑 물류코드 빈 값. 조치안 ERP 물류코드 입력 | E9: - | G9: - | H9: 원인 확정, ERP 조치 대기
A10: 7 | B10: 46301 | C10: A3 | D10: 운영DB 조회로 원인 확정: 1110100681 제조일자시작 6(8자리 절사). 조치안 6 → 8 | E10: - | G10: - | H10: 원인 확정, ERP 조치 대기
A11: 8 | B11: 46301 | C11: C1 | D11: 메인 화면 작업일자 표시 추가 및 EDA51 실기기 확인(미선택 오늘·즉시 반영·재진입 유지·출하대상받기 조회조건 불변 PASS) | E11: MainActivity.java | G11: 개발/72 | H11: 통합 테스트 대기
A12: 9 | B12: 46301 | C12: C3 | D12: 미사용 바코드 타입(M1·M3·M4·E0~E3·P0) 분기 제거, 변경 전후 M0·M9 라벨 전송 바이트 일치 확인 | E12: LabelPrintHelper.java | F12: 62053c0 | G12: 개발/73 | H12: 육안 확인·통합 테스트 대기
A13: 10 | B13: 46301 | C13: C3 | D13: 개발 73 Step 5 통합 테스트: L0(롯데 09-29)·H2(홈플러스 09-30)·H5(홈플러스 비정량 09-28) 신규 계근 출력 확인. M8·미트센터·킬코이는 운영 데이터 없음 | E13: - | G13: 개발/73 | H13: 육안 확인 대기
A14: 11 | B14: 46301 | C14: C3 | D14: 출력 라벨 육안 정상 확인(사용자) → 완료 처리 | E14: - | G14: 개발/73 | H14: 완료
A15: 12 | B15: 46301 | C15: C1 | D15: 개발 72 Step 3 통합 테스트 5항목 PASS, 변경 전 빌드와 출하대상 조회 결과 동일 확인 → 완료 | E15: - | G15: 개발/72 | H15: 완료
A16: 13 | B16: 46301 | C16: A3 | D16: CO_품목코드 1110100681 제조일자시작 6→8 UPDATE 후 롯데 라벨 제조일 6자리 정상 출력 확인 → 완료 | E16: - | G16: 오류/40 | H16: 완료
A17: 14 | B17: 46302 | C17: B1/B2 | D17: 운영DB·코드 조사로 원인 확정(일괄전송 조기 종료 + SEND_Y 집계 오류), 오류 41 문서화. 원본 동일 결함 | E17: - | G17: 오류/41 | H17: 수정 여부 결정 대기
A18: 15 | B18: 46307 | C18: B1 | D18: 일괄전송 Y 처리 루프 조기 return 제거(안1) → 루프 종료 후 'ss' 판정. EDA51 이마트 비정량 508·홈플러스 비정량 499 일괄전송 실기기 확인 | E18: BixolonShipmentActivity.java | F18: 732b65a | G18: 오류/41, 개발/74 | H18: 일괄전송 후 로컬 F 잔류 해소
A19: 16 | B19: 46307 | C19: B2 | D19: 일괄전송 Y 처리 루프 조기 return 제거(안1) → 루프 종료 후 'ss' 판정. EDA51 이마트 비정량 508·홈플러스 비정량 499 일괄전송 실기기 확인 | E19: BixolonShipmentActivity.java | F19: 732b65a | G19: 오류/41, 개발/74 | H19: 재전송 중복 0건 확인
A20: 17 | B20: 46307 | C20: C2 | D20: 합산 라벨 파렛트당 박스 수 지정. EDA51: 36=수정 전 5189 bytes 동일, 2→2장, 40(43건)→3장, 0·취소 인쇄 없음. 임시 계근 40건은 테스트 후 원복 | E20: BixolonShipmentActivity.java | F20: 개발 79 Step 1~2 | G20: 개발/79 | H20: 출력물 육안 확인 대기
A21: 18 | B21: 46307 | C21: C2 | D21: 합산 라벨 총 중량 5자리 이상 잘림 수정: 폭 측정 후 넘칠 때만 x 왼쪽 이동(최소 10)·글자 크기 축소(최소 40). EDA51: 52.9 x=100 그대로(5189 bytes 동일), 9961.2 x=60, 12062.9 x=26. 임시 계근은 원복 | E21: BixolonShipmentActivity.java, LabelPrintHelper.java | F21: 개발 79 Step 3 | G21: 개발/79 | H21: 출력물 육안 확인 대기
A22: 19 | B22: 46307 | C22: D4 | D22: SM_출고계근 라벨 출력 정보 11컬럼 INSERT: 앱 최초 출력값 기록→TB_GOODS_WET→패킷[15]~[25], JSP 4종 INSERT. EDA51: 이마트 SEQ 285~289, 롯데 290~295, 도매(일괄) 296~300 적재 확인, 라벨 바이트 동일 | E22: LabelPrintHelper·라벨클래스·DBHandler·BixolonShipmentActivity 외, insert_goods_wet*.jsp 4종 | F22: 개발 80 Step 1~3 | G22: 개발/80 | H22: 출력값 있는 일괄 전송 미수행
A23: 20 | B23: 46317 | C23: E1 | D23: 최신 소스(PDA-INNO_20261021) 비교: 누락·불일치 5건 확인. 합산 파렛트 출력 최신 원본 불일치 오류 44 문서화, 개발 86(입력 창·라벨 최신 원본 동일화, 총 중량 넘칠 때만 크기 축소 — 사용자 결정) 작성 | E23: - | G23: 오류/44, 개발/86 | H23: 코드 수정 대기
A24: 21 | B24: 46317 | C24: C2 | D24: 최신 원본 동일화(개발 86 Step 1): 박스 수 입력 창을 palletCountDialog()로 분리, 제목 "파렛트당 박스 수"·메시지·토스트 "정확히 입력하세요"·setCancelable(false)·잘못 입력 시 재표시를 최신 원본과 같게. 컴파일·코드검증·원본비교 PASS | E24: WetDetailDialog.java | F24: 개발 86 Step 1 | G24: 오류/44, 개발/86 | H24: EDA51 미연결 — 실기기 확인은 Step 3
A25: 22 | B25: 46317 | C25: C2 | D25: 최신 원본 동일화(개발 86 Step 2): SumLabel 인쇄 루프를 최신 원본 printSumLabel 구조로 교체 — 장마다 (현재장/장 수), 파렛트 마지막 장 "N박스 총 중량 :" (95,380) 37 + 중량 (360,355) 75. 개별 중량 32/95 유지, 총 중량은 폭 576 초과 시만 크기 축소(1234.5→69). 기존 "N번 총 중량"·x 왼쪽 이동 제거. 컴파일·코드검증·원본비교 PASS | E25: SumLabel.java | F25: 개발 86 Step 2 | G25: 오류/44, 개발/86 | H25: EDA51 미연결 — 실기기 확인은 Step 3

Sheet 진행현황
A1: 진행 현황
A3: 구분 | B3: 전체 | C3: 완료 | D3: 진행중 | E3: 대기 | F3: 보류
A4: 오류 | B4: =COUNTIF(수정리스트!$B$5:$B$60,$A4) | C4: =COUNTIFS(수정리스트!$B$5:$B$60,$A4,수정리스트!$E$5:$E$60,"완료") | D4: =COUNTIFS(수정리스트!$B$5:$B$60,$A4,수정리스트!$E$5:$E$60,"진행중") | E4: =COUNTIFS(수정리스트!$B$5:$B$60,$A4,수정리스트!$E$5:$E$60,"대기") | F4: =COUNTIFS(수정리스트!$B$5:$B$60,$A4,수정리스트!$E$5:$E$60,"보류")
A5: 조사 | B5: =COUNTIF(수정리스트!$B$5:$B$60,$A5) | C5: =COUNTIFS(수정리스트!$B$5:$B$60,$A5,수정리스트!$E$5:$E$60,"완료") | D5: =COUNTIFS(수정리스트!$B$5:$B$60,$A5,수정리스트!$E$5:$E$60,"진행중") | E5: =COUNTIFS(수정리스트!$B$5:$B$60,$A5,수정리스트!$E$5:$E$60,"대기") | F5: =COUNTIFS(수정리스트!$B$5:$B$60,$A5,수정리스트!$E$5:$E$60,"보류")
A6: 신규기능 | B6: =COUNTIF(수정리스트!$B$5:$B$60,$A6) | C6: =COUNTIFS(수정리스트!$B$5:$B$60,$A6,수정리스트!$E$5:$E$60,"완료") | D6: =COUNTIFS(수정리스트!$B$5:$B$60,$A6,수정리스트!$E$5:$E$60,"진행중") | E6: =COUNTIFS(수정리스트!$B$5:$B$60,$A6,수정리스트!$E$5:$E$60,"대기") | F6: =COUNTIFS(수정리스트!$B$5:$B$60,$A6,수정리스트!$E$5:$E$60,"보류")
A7: 정리 | B7: =COUNTIF(수정리스트!$B$5:$B$60,$A7) | C7: =COUNTIFS(수정리스트!$B$5:$B$60,$A7,수정리스트!$E$5:$E$60,"완료") | D7: =COUNTIFS(수정리스트!$B$5:$B$60,$A7,수정리스트!$E$5:$E$60,"진행중") | E7: =COUNTIFS(수정리스트!$B$5:$B$60,$A7,수정리스트!$E$5:$E$60,"대기") | F7: =COUNTIFS(수정리스트!$B$5:$B$60,$A7,수정리스트!$E$5:$E$60,"보류")
A8: ERP | B8: =COUNTIF(수정리스트!$B$5:$B$60,$A8) | C8: =COUNTIFS(수정리스트!$B$5:$B$60,$A8,수정리스트!$E$5:$E$60,"완료") | D8: =COUNTIFS(수정리스트!$B$5:$B$60,$A8,수정리스트!$E$5:$E$60,"진행중") | E8: =COUNTIFS(수정리스트!$B$5:$B$60,$A8,수정리스트!$E$5:$E$60,"대기") | F8: =COUNTIFS(수정리스트!$B$5:$B$60,$A8,수정리스트!$E$5:$E$60,"보류")
A9: 보류 | B9: =COUNTIF(수정리스트!$B$5:$B$60,$A9) | C9: =COUNTIFS(수정리스트!$B$5:$B$60,$A9,수정리스트!$E$5:$E$60,"완료") | D9: =COUNTIFS(수정리스트!$B$5:$B$60,$A9,수정리스트!$E$5:$E$60,"진행중") | E9: =COUNTIFS(수정리스트!$B$5:$B$60,$A9,수정리스트!$E$5:$E$60,"대기") | F9: =COUNTIFS(수정리스트!$B$5:$B$60,$A9,수정리스트!$E$5:$E$60,"보류")
A10: 합계 | B10: =SUM(B4:B9) | C10: =SUM(C4:C9) | D10: =SUM(D4:D9) | E10: =SUM(E4:E9) | F10: =SUM(F4:F9)
A12: 완료율 | B12: =IF(B10=0,0,C10/B10)
